nome,cpf_cnpj,cidade,estado,nascimento
Pedro Lucas Moraes,64051937801,da Paz Verde,PI,1972-04-21
Igor Oliveira,31270856995,Duarte da Prata,MS,1965-11-17
Dra. Evelyn Castro,97034256829,Goncalves,RS,1961-01-31
Isabelly Costela,42359708104,Silva de Souza,BA,1975-01-24
Luiz Henrique Dias,42038651744,Sales da Praia,PE,2002-11-15
Bernardo Souza,12760954811,Pires,SP,1994-06-05
Raquel Jesus,75348296155,da Paz do Galho,SP,1973-10-12
Srta. Leticia Azevedo,62904518711,Ferreira Alegre,CE,2001-11-19
Nicole Rodrigues,1635279461,Oliveira de Rocha,RN,1990-02-13
Sarah Farias,87912036431,Teixeira,SC,1960-03-28
Nathan Pinto,7643182507,Teixeira,MT,1988-04-04
Sra. Beatriz Almeida,83254076974,Melo da Praia,PI,2006-11-29
Joao Gabriel das Neves,4172698549,Dias de Gomes,MG,1959-09-02
Dr. Davi Lucca Monteiro,52761490380,Porto do Campo,TO,1989-10-08
Emanuel Mendes,45096137848,Pereira das Flores,RN,1996-04-27
Benjamin Novaes,31928506470,Oliveira,SE,1978-10-20
Srta. Isabelly Pires,96254071894,Araujo,BA,1998-01-23
Sra. Nina Oliveira,86035471900,Peixoto do Campo,PE,2007-01-24
Srta. Emanuelly Teixeira,47620381996,Cardoso,GO,1984-05-22
Rodrigo Fernandes,12307859659,Moreira,RR,1988-01-27
Sra. Barbara Rezende,82396754173,da Rocha,PB,1989-11-05
Srta. Nicole da Mota,89705261458,Barbosa,RJ,1956-05-16
Davi Farias,6981742322,Fernandes Alegre,RS,1978-08-19
Breno Monteiro,30162847580,da Conceicao,CE,1971-08-18
Miguel Pires,2164987594,Porto Alegre,BA,1964-07-14
Sr. Emanuel da Conceicao,93605821405,Alves Verde,MS,1988-11-17
Isis Rodrigues,28509173621,Almeida das Flores,SE,1965-10-13
Juan Almeida,21693045761,Rocha da Prata,SP,1991-03-06
Luana Novaes,49068173510,da Mata de Campos,GO,1967-03-20
Enzo Castro,52631074980,Mendes,ES,1979-01-28
Diogo da Mata,31085926451,Silveira,ES,1989-08-23
Maria Sophia Nogueira,83594102750,da Mota,SP,2005-03-17
Thiago Castro,30829164731,Peixoto de Ferreira,DF,1973-06-04
Helena da Mata,92531840605,das Neves de da Rosa,SP,1966-10-16
Luana Ferreira,42631507835,Novaes do Norte,MA,1984-10-27
Pedro Miguel Cunha,40753891204,Melo Grande,MS,1965-03-08
Dra. Nicole Cavalcanti,93105824642,Aragao,MT,1973-11-04
Bruna Melo,47183902650,Lima,PR,1978-08-15
Mariane Silveira,94687053157,Melo do Galho,PI,1980-12-06
Agatha Martins,10632745916,Porto,PA,2000-05-01
Stella Souza,37859460157,Fernandes,BA,2007-10-15
Beatriz Gomes,35894620198,da Mota,AC,1983-12-31
Benjamin Goncalves,72540381626,Dias,AP,1985-11-01
Dr. Luigi Martins,65974812328,Almeida,SC,1957-10-12
Srta. Valentina Rodrigues,79435621007,Peixoto da Mata,PR,1970-04-16
Brenda Nogueira,97452863119,Castro,AM,1974-05-14
Isadora Costa,65182473982,Almeida de Goias,GO,1960-04-02
Antonio Ramos,98704152611,Novaes da Mata,SC,2007-10-31
Emanuella Peixoto,48936215728,Rodrigues,AP,1956-04-09
Stella Jesus,85210347680,Nunes,TO,1977-09-30
Alice Lopes,13809274631,Vieira da Prata,RS,2004-07-16
Vitoria Nascimento,31427906599,Almeida da Prata,AM,1990-07-21
Sra. Laura Moura,86194537264,Caldeira,PR,1984-08-02
Maria Julia Campos,75831620921,Mendes,AP,1969-10-02
Catarina Carvalho,17932486564,Pereira,SE,1974-05-16
Vicente Rocha,58371240988,Santos,RJ,1987-03-29
Barbara Viana,80421965711,da Costa,AC,1957-07-30
Maria Eduarda Freitas,6751983484,Costa,CE,1955-10-05
Sr. Gustavo Henrique Azevedo,15673094884,da Conceicao de Minas,AP,1960-07-23
Vitor Monteiro,67154308966,Viana,GO,1959-06-02
Luiz Felipe Dias,85310967400,Rezende das Pedras,TO,1983-08-02
Maria Clara Nascimento,46081392740,Alves da Prata,AP,1999-01-31
Rodrigo Duarte,52864139006,Santos da Mata,MG,1990-02-20
Luna Nogueira,94057361243,Teixeira da Serra,MT,2001-04-22
Leticia Silveira,85620374947,Castro de Martins,MS,1965-06-12
Agatha Ramos,51240967306,Pereira do Amparo,SC,1983-09-05
Gabrielly Nascimento,59634270883,da Conceicao da Prata,RR,1955-07-12
Joao Gabriel Costela,69147205334,Silveira da Prata,BA,2004-03-17
Lorenzo Vieira,98374620510,Castro do Norte,PB,2005-08-14
Lucas Gabriel Cardoso,90457268310,das Neves das Flores,PA,2000-01-11
Sra. Isis Ramos,61374902896,Monteiro,PE,1973-12-10
Maysa Barbosa,13798256446,Costa,MS,1980-12-05
Maysa Costela,43752698047,Cardoso,SC,1993-12-07
Maria Moreira,93087216496,Cardoso,GO,1981-01-16
Milena Novaes,6584137910,da Luz de da Cruz,RN,1977-09-30
Theo Porto,84025361744,da Cunha das Flores,BA,1993-08-03
Rafael Martins,31248697537,da Cunha do Campo,RS,1990-11-12
Ana Julia Rezende,59612874085,Pereira das Flores,MA,1994-04-04
Fernanda Pereira,14076593839,Campos de Fernandes,MS,1974-12-18
Leticia Nogueira,26379518002,da Conceicao,TO,1987-03-14
Camila Sales,1762398559,Lima do Galho,RO,1982-07-05
Leticia Alves,26315094805,Pires,RR,1996-08-02
Pedro da Luz,69543278164,Costela da Praia,MA,1957-11-15
Alana Lopes,91530682460,da Conceicao,MS,1955-05-09
Sra. Ana Luiza Nunes,37528104671,Novaes,AM,1972-11-06
Levi Vieira,63081794269,Farias,AC,1958-08-25
Murilo Moraes,23891054670,Nunes Verde,AL,1989-10-05
Dra. Evelyn Barbosa,25890173405,da Mota de Lima,AL,1955-11-18
Srta. Clarice Nascimento,96201874313,Nogueira da Prata,ES,1973-02-27
Luiz Gustavo Costela,42783109603,Vieira,PI,1976-11-29
Joao Felipe Silva,15894206324,Novaes,AP,1988-08-14
Nathan Alves,84329175673,Jesus,PA,2008-02-03
Isaac Nunes,29701436580,Martins,RO,1964-02-13
Dr. Juan Nascimento,36158240753,Cavalcanti da Praia,PR,1972-04-12
Nathan Ribeiro,89503641233,Cardoso de Gomes,PB,1986-03-23
Dra. Livia Fogaca,94852631719,da Rocha,DF,1971-08-08
Sra. Marina Nunes,73289546128,Cavalcanti,RN,1969-05-02
Maria Clara Viana,49506213780,Vieira de da Mota,GO,1989-07-26
Luna Freitas,30128496703,Peixoto do Oeste,TO,2000-07-05
Marcos Vinicius Castro,89047356292,Mendes do Oeste,MA,1955-09-15
Joao Pedro Jesus,5724381923,da Conceicao de Nogueira,AL,1963-03-09
Mariana Cardoso,85230497114,Rezende,DF,1976-11-23
Augusto Peixoto,6254198711,Silveira do Campo,BA,1978-04-11
Caue Fogaca,51962087476,Nunes da Mata,BA,1991-12-08
Manuela Lima,91372805460,Cardoso de Oliveira,PA,1962-12-12
Juliana Araujo,31697854001,Nascimento de Melo,ES,1957-01-03
Sr. Anthony da Paz,6534187957,Moreira,PA,1972-11-21
Samuel da Rocha,54870213923,das Neves do Oeste,PA,1973-04-10
Luana Barbosa,10294738622,Porto,PR,2005-01-22
Luiz Otavio Freitas,24701859630,Cardoso,AM,2006-11-12
Matheus Aragao,67824091511,Barros,MG,2002-07-24
Dr. Andre Cardoso,65718203903,Caldeira,SE,1995-08-26
Sr. Igor Aragao,34879260592,Fernandes da Serra,PE,1994-09-20
Dra. Mariane Cunha,82637910577,Nogueira,CE,2000-02-17
Ana Vitoria Novaes,60471285994,da Paz,PR,1959-04-14
Maria Sophia Nunes,15032768480,Moreira da Mata,DF,1997-12-02
Heitor Ribeiro,13209468796,Melo,PB,1994-01-18
Dr. Davi Luiz da Rocha,69850241306,Costa,PB,1988-10-31
Lorenzo Rocha,95643820765,Dias de da Luz,PA,1975-08-20
Caio da Mota,35426180989,Costela,RJ,1974-11-30
Emanuella Campos,92315648033,Gomes da Praia,SP,1983-05-07
Gabriela Moraes,61274805902,Lima,CE,1993-06-30
Gabrielly Pinto,13590678259,Costa,SC,1994-03-21
Igor Teixeira,56039482729,Caldeira,GO,1966-11-10
Maria Eduarda Araujo,20875436153,Jesus das Flores,PA,1994-10-27
Gabrielly Fernandes,12064379525,Novaes,RN,1973-05-08
Ana Sophia Duarte,32079185659,Oliveira,SP,1986-01-01
Vicente Aragao,71643958291,Novaes,AL,1957-06-03
Maria Alice Cardoso,7653421890,Mendes,BA,1988-11-08
Dr. Caua Novaes,50632917830,Pires da Prata,PI,1955-08-18
Enzo Gabriel Barros,26781490567,Barros do Sul,MA,1980-12-02
Paulo Pires,4187593241,Carvalho de Silveira,MG,1958-10-11
Clarice Nascimento,4381726987,das Neves dos Dourados,AM,1995-12-02
Kamilly Barbosa,23697518437,Viana,MA,1993-11-17
Ana Beatriz Azevedo,51680943766,Ribeiro,PB,1985-07-08
Anthony Peixoto,20731658426,Ramos de Costela,BA,1973-04-09
Larissa da Mota,72346510807,Fogaca,PA,1967-09-06
Sr. Bruno Sales,82374061922,Martins,MG,1980-05-10
Maria Julia Nascimento,97425063883,Carvalho do Oeste,MS,1996-07-16
Sra. Sarah Porto,16043285762,Viana,RO,1969-01-12
Breno Moreira,8145369215,Caldeira de Nogueira,DF,1985-09-21
Diogo Fernandes,51039247814,Melo do Amparo,DF,1964-11-01
Eloah Caldeira,70164925325,Pires,BA,1974-10-03
Caroline Pinto,23849715060,Costa da Mata,AM,1995-08-23
Sophie Campos,36981052768,Martins Grande,AP,1965-06-04
Luiz Fernando Martins,81750362902,Ramos,DF,1990-05-22
Enrico Caldeira,30179546252,Cavalcanti,PB,2000-05-10
Vitoria Aragao,62714809340,Correia de Ribeiro,PB,2005-08-11
Esther Lopes,60542738171,Pereira,RJ,1981-12-02
Manuela Cardoso,7216489594,da Costa da Prata,AC,2006-08-10
Sr. Joao Felipe Moreira,15687403280,Caldeira de Minas,PB,1984-01-22
Mariane da Mata,69140537820,Silveira da Praia,RR,1964-07-02
Dra. Maria Eduarda Vieira,31670528995,Barbosa,RS,1969-11-09
Lucas Cardoso,34120785653,Cardoso de Dias,PA,1958-07-20
Maria Sophia Santos,67924830529,Silveira do Amparo,CE,1970-03-25
Mariana Correia,84239170613,Carvalho,SE,1987-05-04
Arthur Ribeiro,4723519661,Ribeiro,MG,1982-03-30
Breno Ramos,20185739423,Mendes,MT,2007-11-02
Mirella Lima,67508432126,Barros de Moraes,RN,1985-12-02
Mariana Cavalcanti,86931542060,Nunes,SE,1977-05-29
Sra. Vitoria Silva,23918764087,Jesus de da Luz,AL,1990-09-20
Sra. Brenda Monteiro,63075194280,das Neves,AP,1978-05-31
Isis Pinto,42189076331,da Cruz da Prata,PR,1995-05-19
Alana Nogueira,3268194524,Nascimento do Norte,GO,1984-02-25
Emanuelly Goncalves,37829561095,da Paz,AC,2004-05-10
Emanuel Peixoto,42967513873,Gomes,MG,1997-05-23
Barbara Silveira,18734562044,Moreira,RN,2002-02-19
Eloah Farias,39851764264,Fernandes,RO,1979-10-30
Vinicius Moreira,40632981750,Cavalcanti,RJ,1987-11-22
Marina Pinto,62543980105,Barros,RN,1974-05-10
Joao Sales,20139847588,da Costa,RN,2004-02-02
Davi Cardoso,49687023538,Aragao do Oeste,PI,1982-01-10
Maria Vitoria da Cruz,2564789374,da Cruz,AM,1977-09-24
Sr. Vinicius Lima,37451802914,Rodrigues,SP,2000-04-28
Raul da Paz,91703254643,Fernandes Grande,RN,1996-04-07
Davi Lucca da Cruz,7659342800,da Paz,GO,2001-05-05
Raul Ramos,75208196395,Azevedo do Amparo,AL,1968-01-01
Joao Santos,96403785265,da Conceicao Alegre,AP,1998-10-31
Evelyn Cunha,51960473875,Moraes de Rodrigues,PI,1982-08-08
Vitor Gabriel da Rocha,2918734640,Ribeiro Grande,RR,1983-06-23
Joao Gabriel Castro,69432871509,Moreira,ES,1987-09-15
Diego Fogaca,18937650401,da Cunha,RS,1960-09-11
Beatriz Barros,19658037410,Castro Verde,ES,1959-04-19
Vinicius Carvalho,12705489304,Carvalho,AP,1955-03-23
Alicia Vieira,20679841520,Lopes da Mata,PE,1983-05-28
Vinicius da Rocha,35617980203,Monteiro de Rezende,PA,1980-05-30
Julia Araujo,28403157690,Ramos Paulista,RJ,1984-03-25
Joao Pedro Duarte,8976235177,Cardoso dos Dourados,RN,1959-08-03
Sra. Fernanda Pinto,2536891712,Pinto Alegre,RJ,2004-08-31
Stephany Souza,58071963410,Novaes de da Conceicao,RO,1991-01-16
Ana Beatriz Moura,36897015202,Castro,MS,1987-06-28
Rafaela da Cruz,3714956280,da Costa,MT,1988-06-01
Stella Vieira,61483705226,Nascimento,MA,2004-04-18
Davi Lucca Fogaca,73650198401,Duarte,DF,1977-07-01
Nina Cavalcanti,4372561890,Cardoso,AL,2003-12-29
Andre Viana,75026413862,Costa,RS,1985-03-10
Thales Carvalho,58960127302,Teixeira,RS,2004-01-15
Marcela Lopes,38251476062,Silva,PI,2007-10-30
Sr. Luiz Gustavo da Mota,91740825314,da Rosa de Peixoto,PE,1996-01-30
Stephany Jesus,60534798292,Oliveira de Nunes,PA,1993-05-30
Joao Guilherme Rodrigues,61529473837,da Luz de Teixeira,GO,1990-04-16
Maria Eduarda da Mota,19645038766,Dias,AL,1975-03-19
Ian Silveira,58209764101,Martins,AC,2003-02-03
Vitor Hugo Cardoso,85630129759,Melo,PR,1994-04-22
Vitor da Cunha,42609835710,Barros da Mata,RO,1957-04-22
Dr. Enzo Pinto,29317645828,Oliveira,ES,1959-06-13
Nicolas Monteiro,94726083538,Farias da Praia,AP,1995-03-23
Yuri Viana,43027896113,Moraes,RJ,1998-01-01
Mirella Costa,94085367110,da Cruz,BA,1982-08-20
Beatriz da Costa,89613470204,Barros,PB,1974-10-22
Leticia Oliveira,45912607399,Ferreira Verde,TO,1960-05-14
Clarice Porto,30794216803,da Paz da Serra,GO,1973-03-27
Ryan das Neves,1293687502,Goncalves de Ramos,GO,1987-06-08
Sr. Marcos Vinicius Cardoso,18649372546,Dias,SC,1995-07-02
Dra. Rebeca Cardoso,3957814693,Vieira,GO,1961-11-19
Breno da Rosa,70256814902,Campos,MS,2004-12-09
Isis Barbosa,36092857103,Rodrigues,PE,1955-12-08
Carolina Martins,10943682533,Monteiro,GO,1957-01-26
Daniel da Paz,52130487653,Oliveira de Melo,RJ,1956-01-11
Samuel Campos,64932078196,Martins do Sul,MA,1968-12-21
Diego Silveira,19730542805,da Luz de da Mota,MG,1980-05-13
Daniel Nascimento,86395021702,Pereira,SC,1965-06-06
Livia Castro,43089751232,Cunha,MA,1973-09-28
Isis Barbosa,29463705856,Nascimento,PI,2004-03-05
Srta. Milena Duarte,80356129489,Ferreira de Rodrigues,PA,1978-04-02
Vinicius Cardoso,4319782550,da Cunha das Flores,AM,1957-03-30
Eduarda Souza,47521038690,Goncalves,SP,1988-09-24
Cecilia Aragao,67815394000,Oliveira,MS,1958-03-09
Sr. Ryan Farias,98065742149,Moraes,MA,2005-09-15
Mirella Melo,57903421670,Lopes Verde,DF,1990-06-02
Erick Melo,91680375466,Araujo,SC,1995-09-25
Maria da Luz,98246530151,Porto,RN,1988-08-22
Luigi Novaes,93615824024,Rodrigues das Pedras,RO,2007-05-21
Isaac Ribeiro,81543792014,da Mota da Prata,PB,1960-12-15
Gustavo Henrique Cunha,82791506411,Teixeira,AP,1982-10-23
Diogo Ribeiro,6758923410,Almeida,AP,1966-12-15
Srta. Joana Vieira,84621739069,da Mata,RN,1998-07-12
Bianca Moraes,35046718235,Almeida de Minas,MA,1978-03-18
Leandro Lima,25347019670,Teixeira,DF,1955-11-22
Valentina Goncalves,20953174832,Fogaca,SC,1977-02-09
Luiz Otavio Moreira,65378490200,da Luz de Almeida,DF,1958-07-28
Lucas Gabriel Lima,94803562105,Nunes,RN,2002-10-15
Eduardo Vieira,96823457155,Freitas,PR,1963-06-20
Guilherme Dias,73856421955,Moreira,AP,1991-07-30
Maria Pinto,78931046510,Costela,TO,1981-07-14
Vitoria da Mota,40678321922,Rocha de da Luz,PA,2006-11-14
Sr. Diogo da Mota,87913452005,Duarte de da Conceicao,MS,1992-07-16
Marcelo Almeida,96045138260,Farias da Prata,SE,1956-02-09
Anthony da Cunha,32916478582,Martins de Fogaca,AL,1995-10-26
Yuri Peixoto,87495062347,Moreira do Sul,MT,1988-11-14
Luiz Miguel Barros,43902187514,da Mota,MT,1993-09-13
Maria Vitoria Duarte,20567893456,Farias,DF,1965-03-24
Arthur Porto,40531726916,Fernandes de Minas,AP,1958-01-17
Carlos Eduardo Correia,64180257335,Correia,RN,1956-12-20
Srta. Sophia Pereira,64297135809,Vieira,PB,1988-07-30
Catarina da Conceicao,84217906501,Rezende,CE,2003-07-21
Sr. Caue Barros,92503768121,Silva do Oeste,AL,2007-09-04
Srta. Maria Luiza Moreira,65842093189,Silva Grande,DF,1980-07-06
Danilo Pinto,18230647950,Nogueira,RN,1989-11-24
Sr. Bryan Martins,32680715977,Caldeira,SC,1994-03-05
Isis da Cruz,82476915076,Silveira Alegre,TO,2006-09-27
Sr. Enzo Gabriel Cavalcanti,40162978502,da Conceicao das Flores,CE,2002-01-07
Luana Fogaca,74198205620,Rocha do Sul,RJ,1965-06-07
Srta. Mirella Ramos,73698410222,Moura,MG,1975-06-27
Francisco Monteiro,23049716878,Ferreira de Minas,MS,1961-03-03
Nicolas Carvalho,94530628124,Ferreira de Goias,MT,1958-03-06
Anthony da Mota,43197820622,Correia Alegre,PE,1962-03-01
Luna Goncalves,10869324713,Nogueira Grande,GO,1972-05-05
Ana Julia da Mota,87450912341,Oliveira de Goias,SC,1980-10-25
Julia Fogaca,25081693740,Caldeira,SP,1985-08-27
Dr. Henrique Ferreira,91348267500,Dias,PR,1982-09-21
Enzo Costa,81569234051,Ramos,MA,1978-10-18
Ana Julia Nascimento,52947031814,da Luz de Oliveira,AP,1996-05-03
Clara Ramos,50796231443,Azevedo de Fogaca,SE,1976-08-05
Lais Nogueira,70156398400,Novaes de Martins,RR,2007-03-03
Luiz Henrique Duarte,31485720923,Rocha do Campo,MG,1978-10-17
Maria Fernanda da Rocha,73046951299,Pereira,RO,1990-12-13
Eduarda Peixoto,69370451234,Ribeiro da Mata,RR,2001-07-18
Vicente Fogaca,93085271686,Melo do Norte,SE,1988-03-30
Esther Novaes,34790516857,Nascimento Grande,CE,1996-03-15
Luiz Fernando Barros,96847053100,Freitas,SC,2006-03-18
Juan Barbosa,75610834244,Porto,AP,2000-10-05
Dr. Luiz Fernando Moreira,12057983668,Silveira,MG,1975-09-26
Dr. Caue Carvalho,43658029765,Nunes,RO,1958-03-20
Enzo Novaes,9536872447,Fogaca,DF,1980-02-15
Sophie Lima,81204673535,Moura,PR,1987-11-11
Ana Julia Azevedo,69215873473,da Cunha do Sul,CE,1987-09-22
Isadora Viana,97306284169,Lima,PA,2005-03-13
Vitor Oliveira,6241759876,Barros de da Costa,RS,1963-04-04
Luiza Cunha,27106935425,Ramos,AL,1994-02-13
Marcos Vinicius Jesus,93687142078,da Cruz,PB,1969-02-26
Luiza Gomes,59284063710,Moraes,AL,1956-06-04
Enrico Costela,17903684213,Souza de Minas,PR,1998-07-15
Sr. Caio Cavalcanti,45673812973,da Cunha,BA,1993-08-08
Milena Almeida,8625943756,da Conceicao,PA,1979-01-18
Marcos Vinicius Correia,67524193025,Goncalves do Galho,MT,1962-12-31
Eloah Martins,89623471564,Castro do Campo,RR,1964-07-27
Benjamin Fernandes,51387602462,Dias,RJ,1979-04-06
Marina Cunha,8962735121,Araujo de Oliveira,AP,1955-04-16
Thales Fogaca,76130829540,da Mata,RN,1980-01-05
Rebeca Porto,83201457914,Fogaca,RS,1958-11-23
Paulo Martins,37128056408,Dias Paulista,DF,1962-08-30
Brenda da Luz,29013758479,Lima,SP,1976-12-09
Sr. Calebe Lima,73458061207,Mendes,CE,1985-06-20
Sarah Santos,45271938050,Farias Alegre,PE,1967-05-23
Diego Fernandes,60835917401,Barbosa,TO,1991-08-28
Larissa Nascimento,61540829324,Rodrigues,MT,2005-10-15
Maria Vitoria da Mota,82513076435,Carvalho da Serra,PA,2000-06-27
Diego Nascimento,45731608920,Rezende,RJ,1994-02-24
Cecilia Azevedo,7398461240,Farias da Serra,RS,2007-01-27
Julia Moura,56092371499,Viana,BA,1957-05-08
Clara Vieira,25198064351,Rodrigues da Prata,PB,1983-05-20
Sophie Rodrigues,91723068403,Fernandes de Castro,RJ,1956-12-09
Rodrigo Cardoso,36820951442,Azevedo de Moreira,SE,2001-06-29
Emanuelly Ramos,42917506849,Novaes do Oeste,RR,2003-11-30
Beatriz Caldeira,23916574809,Pereira da Serra,MS,1973-04-23
Ana Laura Melo,78350142979,Duarte,RS,2004-02-04
Levi da Cunha,25760493892,da Mata da Prata,RO,1982-01-17
Ana Carolina da Cruz,60875924310,da Cruz,DF,1988-03-27
Gabriela da Mata,28347596182,Santos de Goias,PR,1997-07-11
Enzo Porto,1275648967,da Cunha,CE,1997-12-24
Ana Sophia Gomes,13826947509,Lopes,SC,1959-09-10
Francisco Cardoso,13678459048,Gomes,ES,1975-11-03
Srta. Maria Julia das Neves,14653920761,Ribeiro,SC,1955-05-11
Enrico da Cunha,39654021706,Alves de da Rocha,ES,2000-03-09
Marcela Dias,15093486205,Carvalho,BA,2005-05-01
Evelyn Gomes,64591230805,Barros,BA,1998-05-12
Davi Luiz Cunha,93540172661,Jesus do Amparo,PA,2000-08-01
Barbara da Cunha,36428709104,Rodrigues,PB,1970-08-23
Leandro Pereira,8251346762,Cavalcanti,MS,2005-07-18
Gustavo Henrique Cardoso,71625439873,Fernandes do Sul,SE,1999-06-12
Bruna Pinto,9184527323,Goncalves,SP,1991-12-22
Joao Lucas Fogaca,54086973120,Araujo de Viana,PA,1990-01-19
Samuel Novaes,19542683782,Cardoso,DF,1984-07-31
Isis Viana,40625798392,Monteiro Grande,RS,1974-11-28
Isabella Viana,7835964139,Ramos,PB,1985-08-04
Sr. Anthony Teixeira,47358061993,Rodrigues do Sul,MG,2008-02-13
Melissa Vieira,19863457264,Porto,SP,1994-06-10
Giovanna Souza,65932704829,Nunes,DF,1981-10-14
Alicia Cardoso,13529087432,Pinto de Barros,RR,1972-02-18
Samuel Nogueira,75980316493,Lima,GO,1994-02-01
Sra. Isadora Costa,17594806301,Alves de da Mata,AM,1967-07-25
Helena da Cruz,2187435644,Nunes,AP,1997-09-27
Gabrielly Rodrigues,67921485049,Porto de Ramos,CE,2007-07-01
Nina da Luz,19346275006,Moraes do Galho,PE,1961-01-11
Anthony Lima,95431028642,Jesus,SC,1983-10-15
Giovanna Porto,32061954898,das Neves de Farias,MT,1977-09-12
Ian Melo,2839476592,Araujo de Nascimento,CE,1958-01-26
Daniel Rezende,56879342000,Lima,PB,1986-01-30
Milena Silveira,92348017687,Aragao de Fogaca,PA,1978-07-27
Arthur Castro,63542907170,Fernandes,SC,1999-10-07
Arthur Campos,71325809497,Freitas da Prata,SC,1960-11-11
Rafaela Nunes,80342795104,Silveira,AC,1991-07-17
Srta. Ana Luiza da Rocha,46723189078,Carvalho,TO,1982-11-02
Calebe das Neves,13697205803,Correia de Minas,PR,1960-04-17
Leandro Cunha,81279530677,Nogueira da Serra,AC,1989-07-02
Thales Lima,58941762049,Costa da Praia,CE,1977-10-02
Esther Cavalcanti,75821439655,Viana,RO,1998-01-21
Nicole da Costa,34926158051,Rocha,SE,1988-03-01
Sr. Yago Cardoso,59683742092,Rodrigues,MS,1963-11-06
Theo Ramos,30546819206,Ramos de Carvalho,DF,1993-02-02
Lais Novaes,18927563077,Nascimento do Oeste,MS,1955-03-01
Cecilia Nascimento,26594837109,Barbosa,AC,1989-10-25
Ana Julia Barros,67431529864,Vieira do Oeste,RJ,1975-12-07
Evelyn Silva,28904516749,Nogueira,AC,1985-02-28
Dra. Julia Porto,2895643105,Fernandes das Flores,SE,1972-10-16
Sra. Isadora Jesus,83790241504,Barbosa das Flores,ES,1969-03-17
Nicolas Azevedo,92743015616,Alves,PA,1995-10-01
Dra. Esther Ramos,24671958309,Moreira das Pedras,CE,1976-09-24
Dr. Antonio Jesus,52064193898,Campos,SP,1986-06-08
Srta. Maria Fernanda da Conceicao,30475918657,Gomes,PA,1958-07-19
Marcos Vinicius Cardoso,17085962321,Araujo,RR,1960-04-04
Stella Silveira,16279534855,Pereira do Oeste,BA,1996-08-05
Gustavo Caldeira,69402318704,Caldeira de Azevedo,CE,1992-05-06
Alice Campos,2345871644,Pereira Paulista,RR,1981-04-17
Miguel Carvalho,25631847035,Nogueira,MG,1997-12-24
Pietro Pereira,94381570693,Duarte do Campo,MG,1972-02-20
Theo Moreira,62584709392,Novaes do Norte,PA,1981-10-22
Kevin Monteiro,92370846178,da Rocha das Pedras,SE,2006-07-22
Noah Monteiro,92801746304,da Cunha de Goias,TO,2004-10-28
Bruna Sales,5478269310,da Rocha de Barbosa,SP,1961-11-10
Isaac Costa,34216085717,Lopes da Serra,RN,1963-11-06
Levi Costela,93607142599,Rocha do Amparo,SC,1988-12-24
Heitor Fogaca,14092673507,Rocha,GO,1959-03-21
Emilly Pires,82937510450,Sales,RS,1987-10-24
Stephany Campos,13429785014,Barbosa,PE,1977-03-08
Fernanda Ferreira,26395780140,da Luz das Pedras,GO,1967-08-22
Henrique Alves,62783945100,Barbosa,RR,1994-08-27
Dra. Esther Carvalho,90261754858,Ferreira de Minas,MT,1997-06-24
Camila Cavalcanti,94612807502,Rocha do Galho,SC,1984-11-29
Isabelly Peixoto,91473825032,Fernandes de da Cruz,PA,1981-01-10
Otavio Ferreira,49163208598,Porto,ES,1968-05-29
Maria Vieira,14638270590,Nascimento,MA,1988-07-19
Nicole Ferreira,91876403250,Ferreira Alegre,ES,1980-10-12
Pedro Miguel Lopes,18325647973,Novaes da Praia,SP,1995-03-20
Heloisa Pires,62890514315,Alves,BA,2003-06-04
Joao Guilherme Ferreira,60239158768,Sales,BA,1962-10-26
Beatriz da Luz,96025431752,Fernandes Grande,MA,1956-12-03
Heloisa Carvalho,94027386574,Cunha,RO,2002-05-23
Leonardo Caldeira,81563742900,Cavalcanti Verde,PA,2002-06-26
Lucas Nogueira,36908412750,Nogueira,RN,1956-05-03
Alicia Moraes,57140328960,Freitas do Amparo,RJ,1980-02-11
Calebe Gomes,92703816502,Porto de Pereira,ES,1965-05-02
Sr. Anthony Santos,16079245361,Caldeira,MT,1976-04-18
Luigi Moraes,39728054114,Rodrigues de Rezende,MA,1981-02-04
Kaique Costa,19062584730,Farias dos Dourados,CE,1957-10-10
Vinicius Almeida,38471209560,Ribeiro da Praia,MS,2002-10-14
Pedro Lucas Castro,91736082540,Peixoto,DF,1963-06-27
Stella Mendes,50798312602,Mendes,AP,1958-12-25
Evelyn Rodrigues,76215084344,Novaes,AC,1991-03-29
Davi Luiz Barros,2487615958,da Cruz do Amparo,PB,1965-10-26
Ana Vitoria da Paz,48359701601,Viana,AP,1993-06-30
Bryan Gomes,47630852983,Lopes de Pereira,SC,1959-04-20
Joao Felipe da Mata,79125064380,Pinto,SP,1986-02-15
Andre Aragao,68275301912,Rezende,PI,1964-10-23
Kaique Costa,96152438098,Cunha da Mata,AP,2000-11-02
Joao Lucas Silveira,39068715410,Ribeiro de Goias,CE,2007-11-05
Vicente Farias,72490653865,da Costa,TO,1998-11-22
Julia Almeida,67450918285,Cunha,SC,1968-11-13
Kaique Pinto,12946508315,Moreira,RS,1975-06-07
Maria Julia Moreira,15709346225,Lima de da Mota,ES,1968-09-04
Luana Campos,48952316070,da Cunha,MA,2005-07-06
Dr. Yuri Costela,13276509830,Barbosa Paulista,PE,2001-10-08
Ana Sophia Lopes,63047125880,da Mota,AC,1988-10-15
Dra. Ana Julia Mendes,41320678904,Rodrigues,DF,1956-11-07
Vitor Gabriel Teixeira,94586702338,da Rosa,DF,1979-01-02
Diego Melo,15403689710,Mendes do Campo,MS,1991-05-20
Isis Moraes,10785943684,Fogaca dos Dourados,SP,1991-04-24
Vitoria Pereira,50316842753,Santos do Campo,PR,2000-07-28
Olivia da Cunha,94380725600,Barros Grande,AM,1972-04-08
Noah Gomes,18276054994,Souza,AC,1996-09-17
Noah Costela,84539702629,Ramos de Barbosa,MT,1967-03-12
Joao Felipe da Mota,21536489042,da Mota,MG,1971-12-23
Pedro Ramos,81967405220,da Mota,GO,1975-05-21
Raquel Lopes,19860273502,Ribeiro,RJ,1999-06-20
Srta. Ana Julia Cardoso,38217460507,Azevedo,BA,1969-01-09
Juan Alves,86075234900,Alves de Jesus,SE,1992-07-01
Luigi Caldeira,73968254074,Vieira,AM,1987-02-23
Giovanna Cunha,78095462365,Moura Grande,PE,1975-07-10
Sophie Cardoso,6938275483,Ramos de Moraes,AL,1995-12-05
Laura Cardoso,58704693256,Rezende,SE,1972-01-30
Breno Goncalves,62859347119,Freitas,DF,1994-01-14
Sabrina Martins,10792836413,Campos,AL,1970-03-06
Igor Monteiro,58913746255,Barros da Mata,SE,1989-07-04
Dra. Rebeca Goncalves,65108249730,Nunes,BA,1984-08-20
Dr. Felipe Goncalves,18260547902,Santos,AC,1955-02-28
Enzo Almeida,90278635121,Silveira,AP,1978-06-12
Sr. Luiz Gustavo Cavalcanti,74238956109,Ramos do Norte,RN,1996-12-30
Sr. Igor Sales,67190283595,da Conceicao da Mata,PA,1956-03-21
Bianca Teixeira,64092158785,Ribeiro de Minas,PB,1991-06-03
Otavio Nascimento,16758432017,Aragao da Prata,ES,1960-04-30
Ana Beatriz Barbosa,72951640811,Goncalves Verde,PR,2001-07-08
Emanuella Fogaca,36041798584,Goncalves das Pedras,DF,1968-01-08
Luiz Gustavo Costela,35214078960,Araujo,SP,1969-04-18
Gustavo Henrique Santos,79063452152,Araujo,RS,1969-08-10
Breno Carvalho,50716842335,Monteiro,BA,1962-06-30
Davi Souza,72950814379,Moreira,PR,1961-07-21
Lara Peixoto,74206918350,Lopes das Pedras,MT,1992-03-19
Enrico Porto,76280149501,Azevedo de da Luz,PI,1970-03-22
Agatha Ferreira,34528790114,Ramos de Ramos,ES,1964-04-15
Isadora da Cruz,47635018957,Carvalho Grande,MS,1969-11-01
Manuela Pereira,20479615306,Fogaca do Campo,BA,1986-03-14
Nicolas Cavalcanti,73602519406,Pereira das Flores,PE,1967-06-04
Joao Gabriel Porto,97856430184,Rodrigues,PR,1956-01-03
Ana Carolina Nunes,60381597466,Barbosa Grande,RJ,1977-03-14
Sra. Ana Carolina da Cruz,81403796203,Lopes das Flores,MS,1978-10-18
Larissa da Paz,5187926411,Ramos,CE,1977-11-12
Vinicius da Conceicao,64930752892,Campos,PI,1990-03-18
Clarice da Luz,63027198440,da Rocha,AP,1956-11-10
Enzo Sales,64023158771,Lima,BA,1976-04-13
Rebeca Novaes,27803491669,Souza de Melo,PE,2001-12-30
Agatha Costela,73216948013,Pereira,CE,1991-11-27
Esther Rezende,10963257480,Fernandes,AM,1986-06-05
Luiz Henrique Cunha,58602417390,Caldeira das Pedras,BA,1996-02-20
Pedro Miguel Fernandes,52647981337,Fogaca Verde,AP,1981-04-12
Benjamin Costela,8945376283,Araujo da Serra,AP,2006-04-22
Ryan Aragao,26493875056,Cavalcanti,AC,1956-12-27
Vitor Hugo Martins,53241097625,da Mata,DF,1961-11-30
Sr. Samuel Silveira,9723685400,Moura de Minas,PE,1986-10-26
Barbara Campos,45901672399,Aragao da Mata,PB,1964-08-16
Dra. Maysa Ramos,18245360970,Nascimento,AM,1995-10-18
Maria Rezende,64287390547,Almeida da Mata,RR,1982-10-01
Lorena Porto,10856273902,Campos,MG,2003-02-22
Sra. Maria Alice Souza,36219750470,Sales,AM,1967-11-09
Dra. Maria Luiza Moura,97815064310,Cardoso,PE,2004-04-23
Carlos Eduardo Rocha,26014539743,Lima,PI,1977-11-28
Beatriz Carvalho,32706549874,da Rosa do Norte,DF,1975-01-30
Maria Luiza Viana,90764258338,Souza,RN,1974-03-22
Thales Nascimento,50186749384,Porto do Sul,DF,1957-05-22
Mariane da Mata,1863542906,Goncalves de Pires,MS,1977-10-28
Yago Castro,29736410552,da Rocha Grande,RO,1985-09-18
Maria Clara Goncalves,7136495857,Santos,MG,1983-06-10
Erick Viana,31805249606,Rocha das Pedras,MS,1963-04-07
Raul Teixeira,21906457352,Almeida do Oeste,MG,1988-02-13
Nina Moreira,76854209374,Goncalves de Ramos,MA,1961-08-09
Bruna Jesus,13907524888,Ribeiro do Campo,PI,1955-04-26
Rafael Costela,91365472043,Carvalho do Norte,PI,1971-10-18
Lucca Pereira,21357069812,Nogueira,PA,1967-06-13
Ana Julia Cavalcanti,62419503805,Barbosa de Minas,PB,1991-01-23
Dr. Alexandre Oliveira,79356841209,Fogaca,MG,1988-05-16
